year,emissions,EU 27 (tons of goods handled),Total Emissions (excluding UK) (tons CO2)
2018,132.4160449,"3,584,537,000","132,416,045"
2019,134.1564527,"3,532,923,000","134,156,453"
2020,118.1493783,"3,265,935,000","118,149,378"
2021,126.7872676,"3,403,960,000","126,787,268"
2022,137.51637,"3,461,229,000","137,516,370"
2023,126.9214066,"3,283,419,000","126,921,407"