year,emissions
2018,132.4160449
2019,134.1564527
2020,118.1493783
2021,126.7872676
2022,137.51637
2023,126.9214066